{

	"metadata" :
	{
		"formatVersion" : 3.1,
		"generatedBy"   : "Blender 2.7 Exporter",
		"vertices"      : 168,
		"faces"         : 174,
		"normals"       : 165,
		"colors"        : 0,
		"uvs"           : [],
		"materials"     : 1,
		"morphTargets"  : 0,
		"bones"         : 0
	},

	"scale" : 1.000000,

	"materials" : [	{
		"DbgColor" : 15658734,
		"DbgIndex" : 0,
		"DbgName" : "default",
		"vertexColors" : false
	}],

	"vertices" : [-5.28945,3.02754,8.86182,-4.00245,3.02754,8.86182,-2.71679,3.0208,8.86275,-1.43138,2.87536,8.84929,-0.145545,2.84586,8.84562,1.14965,2.84586,8.84562,2.43549,2.87536,8.84929,3.72089,3.0208,8.86275,5.00655,3.02754,8.86182,6.29355,3.02754,8.86182,-5.28945,3.02754,7.55954,-4.00902,2.99839,7.56255,-2.95008,2.64228,7.66442,-1.6862,2.42849,7.68545,-0.250664,2.26736,7.77857,1.24852,2.26571,7.77902,2.68492,2.42546,7.68514,3.95322,2.64011,7.66422,5.01358,2.99777,7.5626,6.29355,3.02754,7.55954,-5.28945,3.02754,6.25726,-4.04228,2.92185,6.26023,-3.05468,2.52284,6.29126,-1.84414,2.1499,6.35057,-0.275485,1.92959,6.41416,1.27034,1.91995,6.42193,2.84087,2.14691,6.3495,4.05656,2.51799,6.29092,5.04703,2.92143,6.26029,6.29355,3.02754,6.25726,-5.28945,3.02754,4.95497,-4.02489,3.03769,4.94848,-3.10472,2.63448,4.76776,-1.96783,2.11969,4.71408,-0.362228,1.85134,4.64913,1.35259,1.86904,4.63653,2.96787,2.12102,4.70786,4.10983,2.6309,4.76265,5.02894,3.03769,4.94837,6.29355,3.02754,4.95497,-5.28945,3.02754,3.65269,-4.0452,3.06441,3.64095,-2.9981,2.80782,3.59962,-1.72766,2.50598,3.23073,-0.284395,2.35317,3.20778,1.29373,2.35785,3.20999,2.73603,2.50274,3.22341,4.01498,2.78457,3.57241,5.05185,3.05919,3.63916,6.29355,3.02754,3.65269,-5.28945,3.02754,2.35041,-4.00117,3.10179,2.39082,-2.72684,2.96065,2.30487,-1.4696,2.96109,2.24099,-0.167718,2.94615,2.27672,1.18041,2.94242,2.26508,2.47567,2.95915,2.23721,3.73475,2.95815,2.30345,5.00725,3.10308,2.39104,6.29355,3.02754,2.35041,-5.29587,3.06895,1.05577,-3.96915,3.43146,1.13891,-2.62045,3.41978,1.15162,-1.28045,3.60586,1.2623,-0.031269,3.47957,1.32577,1.04146,3.48022,1.32329,2.27811,3.6233,1.27107,3.62718,3.42662,1.15686,4.97996,3.43629,1.14765,6.29998,3.06895,1.05577,-5.38925,3.51241,-0.268704,-4.00403,3.81104,-0.261054,-2.73248,4.26048,-0.128401,-1.28902,3.98681,-0.077965,-0.0751956,3.59233,-0.132124,1.08004,3.59204,-0.133543,2.29665,3.99877,-0.0853412,3.73966,4.26519,-0.129061,5.00962,3.81097,-0.259704,6.39335,3.51241,-0.268704,-5.43343,3.69592,-1.66105,-4.07983,3.74407,-1.6183,-2.7775,3.9704,-1.56007,-1.45326,3.63741,-1.52511,-0.120658,3.62404,-1.60692,1.12386,3.63122,-1.60987,2.45743,3.63761,-1.52523,3.7817,3.97014,-1.56012,5.08393,3.74407,-1.6183,6.43754,3.69592,-1.66105,-5.3806,3.48019,-2.98362,-4.23331,4.17615,-3.17499,-2.90079,3.97615,-3.10917,-1.43749,3.4151,-2.99283,-0.11378,3.36996,-2.99922,1.11204,3.37219,-3.00426,2.44158,3.41488,-2.99276,3.9049,3.97615,-3.10917,5.23742,4.17615,-3.17499,6.3847,3.48019,-2.98362,2.57815,2.70716,-0.583437,2.57815,5.66732,-0.583437,2.59837,2.70716,-0.581215,2.59837,5.66732,-0.581215,2.61781,2.70716,-0.574632,2.61781,5.66732,-0.574632,2.63573,2.70716,-0.563942,2.63573,5.66732,-0.563942,2.65144,2.70716,-0.549557,2.65144,5.66732,-0.549557,2.66433,2.70716,-0.532028,2.66433,5.66732,-0.532028,2.67391,2.70716,-0.512028,2.67391,5.66732,-0.512028,2.6798,2.70716,-0.490329,2.6798,5.66732,-0.490329,2.6818,2.70716,-0.467761,2.6818,5.66732,-0.467761,2.6798,2.70716,-0.445194,2.6798,5.66732,-0.445194,2.67391,2.70716,-0.423494,2.67391,5.66732,-0.423494,2.66433,2.70716,-0.403495,2.66433,5.66732,-0.403495,2.65144,2.70716,-0.385966,2.65144,5.66732,-0.385966,2.63573,2.70716,-0.37158,2.63573,5.66732,-0.37158,2.61781,2.70716,-0.36089,2.61781,5.66732,-0.36089,2.59837,2.70716,-0.354307,2.59837,5.66732,-0.354307,2.57815,2.70716,-0.352085,2.57815,5.66732,-0.352085,2.55793,2.70716,-0.354307,2.55793,5.66732,-0.354307,2.53848,2.70716,-0.36089,2.53848,5.66732,-0.36089,2.52056,2.70716,-0.37158,2.52056,5.66732,-0.37158,2.50486,2.70716,-0.385966,2.50486,5.66732,-0.385966,2.49197,2.70716,-0.403495,2.49197,5.66732,-0.403495,2.48239,2.70716,-0.423494,2.48239,5.66732,-0.423494,2.47649,2.70716,-0.445194,2.47649,5.66732,-0.445194,2.4745,2.70716,-0.467761,2.4745,5.66732,-0.467761,2.47649,2.70716,-0.490329,2.47649,5.66732,-0.490329,2.48239,2.70716,-0.512029,2.48239,5.66732,-0.512029,2.49197,2.70716,-0.532028,2.49197,5.66732,-0.532028,2.50486,2.70716,-0.549557,2.50486,5.66732,-0.549557,2.52056,2.70716,-0.563943,2.52056,5.66732,-0.563943,2.53848,2.70716,-0.574632,2.53848,5.66732,-0.574632,2.55793,2.70716,-0.581215,2.55793,5.66732,-0.581215,2.58576,4.41169,1.14659,2.5273,5.45034,1.14659,2.58576,4.41169,-0.455251,2.5273,5.45034,-0.455251],

	"morphTargets" : [],